product_name,product_store,visual_signature
Medicube Red Serum 30Ml,Guardian,medicube_red_serum_30g
Medicube Red Toner 100Ml,Guardian,medicube_red_toner_100g
Medicube Red Cream 50 Ml,Guardian,medicube_red_cream_50g
SKINTIFIC 5X Ceramide Low pH Cleanser 80ml,Watsons,skintific_5x_ceramide_cleanser_80g
SKINTIFIC Mugwort Anti Pores & Acne Clay Mask 55g,Watsons,skintific_mugwort_clay_55g
SKINTIFIC Mugwort Purifying Micellar Water 300ml,Watsons,skintific_mugwort_micellar_300g
SKINTIFIC Cover Perfect Serum Concealer 02 Ivory 5ml,Watsons,skintific_cover_perfect_5g
SKINTIFIC Peptide Nourishing Lip Serum Baby Pink 6.5ml,Watsons,skintific_lip_pink
SKINTIFIC Cover Perfect Serum Concealer 00 Porcelain,Watsons,skintific_cover_perfect
SKINTIFIC All Day Perfect Serum Foundation 00 Porcelain 25ml,Watsons,skintific_all_day_25g
CETAPHIL Baby Moisturising Bath & Wash 400ml,Watsons,cetaphil_baby_moisturising_400g
CETAPHIL Baby Soothing Moisturising Cream 100g,Watsons,cetaphil_baby_soothing_100g
CETAPHIL Baby Ultra Moisturizing Bath & Wash 230ML,Watsons,cetaphil_baby_ultra_230g
CETAPHIL Baby Ultra Moisturizing Bath & Wash + Daily Lotion,Watsons,cetaphil_baby_ultra
Skintific All Day Perfect Serum Foundation,Guardian,skintific_all_day
Skintific Perfect Serum Concealer 02 Ivory 5Ml,Guardian,skintific_perfect_concealer_5g
CETAPHIL BABY DAILY LOTION 400ML,CARiNG Pharmacy,cetaphil_baby_daily_400g
Skintific Peptide Nourishing Lip Serum Baby Pink 6.5Ml,Guardian,skintific_lip_pink
Cetaphil Baby Daily Lotion 400ml,Guardian,cetaphil_baby_daily_400g
Cetaphil Baby Moisturising Bath & Wash 230ml,Guardian,cetaphil_baby_moisturising_230g
Cetaphil Baby Calendula Diaper Cream 70G,Guardian,cetaphil_baby_calendula_70g
Cetaphil Baby Moisturising Bath & Wash 400ml,Guardian,cetaphil_baby_moisturising_400g
Cetaphil Baby Advance Protection Cream 85g,Guardian,cetaphil_baby_advance_85g
EUCERIN Redeem Eucerin Dermopure Cleanse & Protect Mini Kit 1s with 50 Watsons points,Watsons,eucerin_redeem_dermopure_set
Historical Cluster Product (skintific_peptide_brightening_5g),watsons,skintific_peptide_brightening_5g
Historical Cluster Product (skintific_ceramide_serum_sunscreen_30g),guardian,skintific_ceramide_serum_sunscreen_30g
Historical Cluster Product (skintific_peptide_brightening_5g),guardian,skintific_peptide_brightening_5g
Historical Cluster Product (cetaphil_optimal_serum_30g),guardian,cetaphil_optimal_serum_30g
Historical Cluster Product (glad2glow_acne_drying_65g),guardian,glad2glow_acne_drying_65g
Historical Cluster Product (skintific_ceramide_serum_sunscreen_30g),caring pharmacy,skintific_ceramide_serum_sunscreen_30g
Historical Cluster Product (cetaphil_optimal_serum_30g),caring pharmacy,cetaphil_optimal_serum_30g
[Bundle of 2] Eucerin Spotless Brightening Booster Serum 30ml + Eucerin Spotless Brightening Booster,Guardian,eucerin_spotless_brightening_booster_serum_30g_x2
GLAD2GLOW NIACINAMIDE FACIAL WASH 70G,CARiNG Pharmacy,glad2glow_niacinamide_cleanser_70g
GLAD2GLOW GLYCOLIC ACID FACIAL WASH 70G,CARiNG Pharmacy,glad2glow_glycolic_cleanser_70g
GLAD2GLOW TREMELLA VITA B5 SENSITIVE CALMING GEL CLEANSER 70ML,CARiNG Pharmacy,glad2glow_tremella_cleanser_70g
GLAD2GLOW PERFECT VITA C BRIGHT GLOW MICELLAR WATER 300ML,CARiNG Pharmacy,glad2glow_vita_micellar_300g
GLAD2GLOW MUGWORT SALICYLIC ACID ACNE CLEAR MICELLAR WATER 130ML,CARiNG Pharmacy,glad2glow_mugwort_micellar_130g
GLAD2GLOW CHERRY BLOSSOM BETAINE MICELLAR WATER 130ML,CARiNG Pharmacy,glad2glow_cherry_micellar_130g
GLAD2GLOW TREMELLA PANTHENOL SENSITIVE CARE MICELLAR WATER 300ML,CARiNG Pharmacy,glad2glow_tremella_micellar_300g
GLAD2GLOW BLACKBERRY AHA BHA PHA EXFOLIATING TONER 80ML,CARiNG Pharmacy,glad2glow_blackberry_toner_80g
GLAD2GLOW MUGWORT SALICYLIC ACID ACNE CLEAR MICELLAR WATER 300ML,CARiNG Pharmacy,glad2glow_mugwort_micellar_300g
GLAD2GLOW CHERRY BLOSSOM BETAINE MICELLAR WATER 300ML,CARiNG Pharmacy,glad2glow_cherry_micellar_300g
GLAD2GLOW MILK AMINO ACIDS BRIGHTENING CLEANSER 80G,CARiNG Pharmacy,glad2glow_milk_amino_cleanser_80g
GLAD2GLOW CENTELLA SALICYLIC ACID ACNE GEL CLEANSER 70ML,CARiNG Pharmacy,glad2glow_centella_cleanser_70g
GLAD2GLOW POMEGRANATE NIACINAMIDE BRIGHTENING TONER 80ML,CARiNG Pharmacy,glad2glow_pomegranate_toner_80g
GLAD2GLOW CENTELLA CERAMIDE SOOTHING TONER 80ML,CARiNG Pharmacy,glad2glow_centella_toner_80g
GLAD2GLOW PROPOLIS HYALURONIC ACID BARRIER TONER 80ML,CARiNG Pharmacy,glad2glow_propolis_toner_80g
GLAD2GLOW MILK NIACINAMIDE BRIGHTENING TONER 80ML,CARiNG Pharmacy,glad2glow_milk_niacinamide_toner_80g
GLAD2GLOW MILK NIACINAMIDE BRIGHTENING SERUM 17ML,CARiNG Pharmacy,glad2glow_milk_niacinamide_serum_17g
GLAD2GLOW YUJA 377 DARK SPOT SERUM 17ML,CARiNG Pharmacy,glad2glow_yuja_serum_17g
GLAD2GLOW PEACH RETINOL SERUM 17ML,CARiNG Pharmacy,glad2glow_peach_retinol_serum_17g
GLAD2GLOW POMEGRANATE 10% NIACINAMIDE POWER BRIGHT SERUM 17ML,CARiNG Pharmacy,glad2glow_pomegranate_serum_17g
GLAD2GLOW CENTELLA SALICYLIC ACID POWER ACNE SERUM 17ML,CARiNG Pharmacy,glad2glow_centella_serum_17g
GLAD2GLOW BLUEBERRY CERAMIDE MOISTURIZER 30G,CARiNG Pharmacy,glad2glow_blueberry_moisturizer_30g
GLAD2GLOW CENTELLA ALLANTOIN SOOTHING GEL MOISTURIZER 55G,CARiNG Pharmacy,glad2glow_centella_allantoin_55g
GLAD2GLOW PEACH RETINOL MOISTURIZER 30G,CARiNG Pharmacy,glad2glow_peach_retinol_30g
GLAD2GLOW YUJA 377 DARK SPOT MOISTURIZER 30G,CARiNG Pharmacy,glad2glow_yuja_moisturizer_30g
GLAD2GLOW POMEGRANATE NIACINAMIDE BRIGHTENING MOISTURIZER 30G,CARiNG Pharmacy,glad2glow_pomegranate_niacinamide_30g
GLAD2GLOW CENTELLA ALLANTOIN SOOTHINGGEL MOISTURIZER 30G,CARiNG Pharmacy,glad2glow_centella_allantoin_30g
GLAD2GLOW POMEGRANATE NIACINAMIDE BRIGHTENING MOISTURIZER 100G,CARiNG Pharmacy,glad2glow_pomegranate_niacinamide_100g
GLAD2GLOW MILK NIACINAMIDE BRIGHTENING MOISTURIZER 30G,CARiNG Pharmacy,glad2glow_milk_niacinamide_30g
GLAD2GLOW CENTELLA ALLANTOIN SOOTHING GEL MOISTURIZER 100G,CARiNG Pharmacy,glad2glow_centella_allantoin_100g
GLAD2GLOW KIWI 3D ACID ACNE MOISTURIZER 30G,CARiNG Pharmacy,glad2glow_kiwi_3d_30g
GLAD2GLOW DOUBLE BRIGHT DAY CREAM 30G,CARiNG Pharmacy,glad2glow_double_bright_30g
GLAD2GLOW TREMELLA VITA B5 SENSITIVE CALMING MOISTURIZER 30G,CARiNG Pharmacy,glad2glow_tremella_vita_30g
GLAD2GLOW MUGWORT ACNE GEL MASK 50G,CARiNG Pharmacy,glad2glow_mugwort_mask_50g
GLAD2GLOW VOLCANO 3D ACID PORE CLAY MASK 30G,CARiNG Pharmacy,glad2glow_volcano_mask_30g
GLAD2GLOW TREMELLA PANTHENOL SENSITIVE CARE MICELLAR WATER 130ML,CARiNG Pharmacy,glad2glow_tremella_micellar_130g
COSRX Salicylic Acid Daily Gentle Cleanser 150ML,Watsons,cosrx_salicylic_acid_cleanser_150g
EUCERIN Spotless Brightening Cleanser Foam 150g,Watsons,eucerin_spotless_brightening_cleanser_150g
Skintific Pdrn Ampoule Serum 10S,Guardian,skintific_pdrn_ampoule_serum_10s
Skintific Pdrn Vitabright Serum Jelly Pad 80S,Guardian,skintific_pdrn_vitabright_serum_jelly_pad_80s
Skintific All Day Protect Tinted Sunscreen Spf 50+++ 03 Petal 30g,Guardian,skintific_tinted_petal
Skintific All Day Protect Tinted Sunscreen Spf 50+++ 02 Ivory 30g,Guardian,skintific_tinted_ivory
Skintific All Day Protect Tinted Sunscreen Spf 50+++ 01 Vanilla 30g,Guardian,skintific_tinted_vanilla
Garnier Color Naturals Ultra Color K-Glow Creamy Nudes Milk Tea,Guardian,garnier_color_naturals_caramel_mocha
Garnier Color Naturals Ultra Color K-Glow Creamy Nudes Rose Latte,Guardian,garnier_color_naturals_rose_latte
Medicube Kojic Acid Turmeric Toning Cleanser 120G,Guardian,medicube_kojic_acid_turmeric_cleanser_120g
Medicube Kojic Acid Turmeric Resurfacing Toner 250Ml,Guardian,medicube_kojic_acid_resurfacing_toner_250g
Glad2Glow Acne Drying Lotion Kit 10ml,Guardian,glad2glow_acne_drying_10g
Aiken T3 Oil Facial Cleanser 100G,Guardian,aiken_tea_tree_cleanser_100g
[Bundle of 2] Aiken T3 Oil Facial Cleanser 100G (2x121032167),Guardian,aiken_tea_tree_cleanser_100g_x2
SKINTIFIC RETINOL SKIN RENEWAL MOISTURIZER 30G,CARiNG Pharmacy,skintific_retinol_moisturizer_30g
CETAPHIL DAILY FACIAL MOISTURIZER SPF15 118ML,CARiNG Pharmacy,cetaphil_daily_moisturizer_spf15_118g
CETAPHIL GENTLE SKIN CLEANSER 59ML+MOISTURISER LOTION 59ML TRAVEL PACK 1S,CARiNG Pharmacy,cetaphil_gentle_combo_59ml_59g
CETAPHIL MOISTURIZING CREAM 453G 2S,CARiNG Pharmacy,cetaphil_moisturizing_cream_453g_x2
CETAPHIL OPTIMAL HYDRATION HEALTHY GLOW DAILY CREAM 48G,CARiNG Pharmacy,cetaphil_optimal_cream_48g
CETAPHIL BRIGHT HEALTHY RADIANCE BRIGHTENING NIGHT COMFORT CREAM 50G,CARiNG Pharmacy,cetaphil_radiance_night_cream_50g
CETAPHIL BRIGHT HEALTHY RADIANCE BRIGHTENING DAY CREAM SPF15 50G,CARiNG Pharmacy,cetaphil_radiance_day_cream_50g
CETAPHIL PRO ACNE PRONE OIL-FREE MOISTURISING LOTION SPF25 118ML,CARiNG Pharmacy,cetaphil_pro_acne_lotion_118g
CETAPHIL MOISTURIZING CREAM 453G,CARiNG Pharmacy,cetaphil_moisturizing_cream_453g
CETAPHIL MOISTURIZING CREAM 100G 2S,CARiNG Pharmacy,cetaphil_moisturizing_cream_100g_x2
CETAPHIL MOISTURIZING LOTION 237ML 2S,CARiNG Pharmacy,cetaphil_moisturizing_lotion_237g_x2
CETAPHIL INTENSIVE MOISTURISING CREAM 85G,CARiNG Pharmacy,cetaphil_intensive_cream_85g
CETAPHIL MOISTURIZING LOTION 237ML,CARiNG Pharmacy,cetaphil_moisturizing_lotion_237g
CETAPHIL MOISTURIZING CREAM 100G,CARiNG Pharmacy,cetaphil_moisturizing_cream_100g
GARNIER BRIGHT COMPLETE NIGHT CREAM 50ML,CARiNG Pharmacy,garnier_bright_night_cream_50g
GARNIER SAKURA WHITE PINKISH RADIANCE SLEEPING ESSENCE NIGHT CREAM 50ML,CARiNG Pharmacy,garnier_sakura_night_cream_50g
CETAPHIL Daily Facial Cleanser 118ml,Watsons,cetaphil_daily_cleanser_118ml
COSRX [TELETUBBIES] Salicylic Acid Daily Gentle Cleanser 150ml,Watsons,cosrx_teletubbies_salicylic_150g
COSRX [TELETUBBIES] Low pH Good Morning Gel Cleanser 150ml,Watsons,cosrx_teletubbies_lowph_150g
COSRX [TELETUBBIES] AHA/ BHA Clarifying Treatment Toner 150ml,Watsons,cosrx_teletubbies_aha_bha_toner_150g
COSRX [TELETUBBIES] 5 PDRN Collagen Intense Vitalizing Serum 100ml,Watsons,cosrx_5pdrn_collagen_intense_serum_100g
COSRX [TELETUBBIES] PDRN Exosome Skinplanning Glaze Mask 50ml,Watsons,cosrx_pdrn_exosome_skinplanning_mask_50g
MEDICUBE PDRN Pink Collagen Bubble Serum 95ML,Watsons,medicube_pdrn_bubble_serum_95g
EUCERIN Spotless Brightening Amino Cleanser Foam 150g,Watsons,eucerin_spotless_amino_cleanser_150g
Garnier Color Naturals Ultra Color K-Glow Creamy Nudes Milk Tea,Guardian,garnier_color_naturals_milk_tea
[Bundle of 2] Aiken Tea Tree Oil Facial Cleanser 100G (2x121032167),Guardian,aiken_tea_tree_oil_cleanser_100g_x2
SKINTIFIC MSH NIACINAMIDE BRIGHTENING MOISTURE GEL 30G,CARiNG Pharmacy,skintific_msh_niacinamide_gel_30g
SKINTIFIC 5X CERAMIDE BARRIER REPAIR MOISTURE GEL 30G,CARiNG Pharmacy,skintific_5x_ceramide_barrier_repair_gel_30g
SKINTIFIC 5X CERAMIDE BARRIER MOISTURE GEL - LIGHT TEXTURE 30G,CARiNG Pharmacy,skintific_5x_ceramide_barrier_repair_light_gel_30g
SKINTIFIC SYMWHITE 377 DARK SPOT MOISTURE GEL 30G,CARiNG Pharmacy,skintific_symwhite_dark_spot_gel_30g
GLAD2GLOW Peach Brightening Micellar Water Wipes 10s,Watsons,glad2glow_peach_micellar_10s
EUCERIN Sun Serum Oil Control SPF50+ 30ml,Watsons,eucerin_sun_serum_oil_control_spf50+_30g
EUCERIN DermatoClean Micellar Water 200ml,Watsons,eucerin_dermatoclean_micellar_200g
AIKEN Prebiotic Facial Cleanser 120g,Watsons,aiken_prebiotic_8x_cleanser_120g
AIKEN Tea Tree Oil Facial Cleanser& Makeup Remover 150ML,Watsons,aiken_tea_tree_remover_cleanser_150g
AIKEN Vita-C Brightening Cleanser 100G,Watsons,aiken_vita_brightening_100g
AIKEN Niacinamide Bright Foam Cleanser 100g,Watsons,aiken_niacinamide_anti_cleanser_100g
AIKEN Ceramide Bright Facial Cleanser 100g,Watsons,aiken_ceramide_bright_cleanser_100g
AIKEN Tea Tree Oil Facial Cleanser 100g,Watsons,aiken_tea_tree_cleanser_100g
AIKEN Niacinamide Bright Light Foam Cleanser 95g,Watsons,aiken_niacinamide_bright_cleanser_95g
AIKEN BHA PHA Pore Refining Cleanser 100G,Watsons,aiken_bha_pha_cleanser_100g
AIKEN Prebiotic M.Emulsion Oil Cleanser 90g,Watsons,aiken_prebiotic_oil_cleanser_90g
AIKEN Prebiotic Facial Cleanser w Hyaluronic Acid 120g,Watsons,aiken_prebiotic_deep_cleanser_120g
AIKEN Derma Care Deep Cleansng Oil Control Cleanser 150g,Watsons,aiken_derma_oil_cleanser_150g
AIKEN Derma Care Deep Clean Sensitive Skin Cleanser 150g,Watsons,aiken_derma_sensitive_cleanser_150g
AIKEN Prebiotic All-In-One Micellar Makeup Remove & Facial Cleanser 100g,Watsons,aiken_prebiotic_all_cleanser_100g
AIKEN Prebiotic Essence Toner 100ml,Watsons,aiken_prebiotic_essence_100g
AIKEN Niacinamide Bright Toner 100ml,Watsons,aiken_niacinamide_bright_100g
AIKEN Tea Tree Oil Toner 100ml,Watsons,aiken_tea_tree_toner_100g
AIKEN Tea Tree Oil Face Toner 150ML,Watsons,aiken_tea_tree_toner_150g
AIKEN Prebiotic Hydra Serum 30ml,Watsons,aiken_prebiotic_serum_30g
AIKEN Vita-C Brightening Serum 15ml,Watsons,aiken_vita_serum_15g
AIKEN Vita-C Brightening Serum 30ML,Watsons,aiken_vita_serum_30g
AIKEN Niacinamide Bright 10X Serum 15ml,Watsons,aiken_niacinamide_serum_15g
AIKEN Prebiotic 10% Hydra Plus & Niacinamide Serum,Watsons,aiken_prebiotic_10%_15g
AIKEN Ceramide Bright 10% Vita c Serum 15ml,Watsons,aiken_5x_ceramide_serum_15g
Aiken Prebiotic 8X Premium Biotics Gel Moisturiser 40g,Watsons,aiken_prebiotic_gel_moisturizer_40g
Aiken Prebiotic 8X Premium Biotics Water Jelly Moisturiser 30g,Watsons,aiken_jelly_moisturizer_30g
AIKEN Ceramide Bright Moisturiser 40g,Watsons,aiken_ceramide_bright_moisturizer_40g
AIKEN Vita-C Brightening Moisturiser 40G,Watsons,aiken_vita_moisturizer_40g
AIKEN Tea Tree Oil Moisturiser 75ml,Watsons,aiken_tea_tree_moisturizer_75g
Aiken Prebiotic 8X Premium Biotics Moisturiser Spf25 40g,Watsons,aiken_prebiotic_spf_moisturizer_40g
AIKEN Prebiotic Glow Sunscreen SPF50 25g,Watsons,aiken_prebiotic_glow_sunscreen_25g
AIKEN Prebiotic Sunscreen SPF50 PA+++ 25g,Watsons,aiken_prebiotic_sunscreen_25g
AIKEN CERA BRT PINK GLOW SUNSCREEN 25G,Watsons,aiken_ceramide_pink_sunscreen_25g
AIKEN CERA BRT BEIGE TINTED SUNSCREEN 25G,Watsons,aiken_ceramide_beige_sunscreen_25g
AIKEN Ceramide Bright Sunscreen Spf50 Pa+++ 25g,Watsons,aiken_5x_ceramide_sunscreen_25g
AIKEN Ceramide Bright Purple Correcting & Tone-up Sunscreen 25g,Watsons,aiken_ceramide_purple_sunscreen_25g
AIKEN Prebiotic Micellar Water 300ml,Watsons,aiken_prebiotic_micellar_300g
AIKEN Ceramide Bright Micellar Water 300ml,Watsons,aiken_ceramide_bright_micellar_300g
AIKEN Vita-C Brightening Micellar Water 150ml,Watsons,aiken_vita_micellar_150g
Garnier Bright Complete Vitamin C Gel Wash 120Ml,Guardian,garnier_bright_complete_cleanser_120g
Glad2Glow Mini Flawless Blurring Skin Tint 01 Buttercream,Guardian,glad2glow_blurring_skin_tint_01_buttercream
Glad2Glow White Truffle Radiance Glow Serum Spray 100Ml,Guardian,glad2glow_radiance_glow_serum_100g
SKINTIFIC 3X ACID ACNE GEL CLEANSER 120ML,CARiNG Pharmacy,skintific_3x_acid_cleanser_120g
SKINTIFIC 5X CERAMIDE SOOTHING TONER 80ML,CARiNG Pharmacy,skintific_5x_ceramide_toner_80g
SKINTIFIC NIACINAMIDE BRIGHTENING ESSENCE TONER 80ML,CARiNG Pharmacy,skintific_niacinamide_toner_80g
SKINTIFIC 2% SALICYLIC ACID ANTI ACNE SERUM 20ML,CARiNG Pharmacy,skintific_salicylic_serum_20g
SKINTIFIC SYMWHITE 377 DARK SPOT SERUM 20ML,CARiNG Pharmacy,skintific_symwhite_serum_20g
SKINTIFIC 10% NIACINAMIDE BRIGHTENING SERUM 20ML,CARiNG Pharmacy,skintific_niacinamide_serum_20g
SKINTIFIC 5X CERAMIDE SERUM SUNSCREEN SPF50 PA++++ 30ML,CARiNG Pharmacy,skintific_5x_ceramide_sunscreen_30g
SKINTIFIC 5X CERAMIDE BARRIER REPAIR SERUM 20ML,CARiNG Pharmacy,skintific_ceramide_serum_20g
SKINTIFIC BRIGHT FIT SERUM SUNSCREEN 50G,CARiNG Pharmacy,skintific_bright_fit_50g
SKINTIFIC MATTE FIT SERUM SUNSCREEN SPF50+ 30G,CARiNG Pharmacy,skintific_matte_fit_30g
SKINTIFIC RETINOL SKIN RENEWAL SERUM 20ML,CARiNG Pharmacy,skintific_retinol_serum_20g
SKINTIFIC ALL DAY LIGHT SUNSCREEN MIST SPF50+ 120ML,CARiNG Pharmacy,skintific_all_day_sunscreen_120g
CETAPHIL SOOTHING FOAM WASH 200ML,CARiNG Pharmacy,cetaphil_soothing_foam_200g
CETAPHIL PRO ACNE PRONE OIL CONTROL FOAM WASH 236ML,CARiNG Pharmacy,cetaphil_pro_acne_236g
CETAPHIL DAILY FACIAL CLEANSER 236ML,CARiNG Pharmacy,cetaphil_daily_cleanser_236g
CETAPHIL BRIGHT HEALTHY RADIANCE GENTLE RENEWING CLEANSER 100G,CARiNG Pharmacy,cetaphil_bright_gentle_cleanser_100g
CETAPHIL DAILY EXFOLIATING CLEANSER 178ML,CARiNG Pharmacy,cetaphil_daily_exfoliating_178g
CETAPHIL BRIGHT HEALTHY RADIANCE REVEAL CREAMY CLEANSER 100G,CARiNG Pharmacy,cetaphil_bright_creamy_cleanser_100g
CETAPHIL BRIGHT HEALTHY RADIANCE BRIGHTNESS REFRESH TONER 150ML,CARiNG Pharmacy,cetaphil_bright_radiance_toner_150g
CETAPHIL BRIGHT HEALTHY RADIANCE PERFECTING SERUM 30ML,CARiNG Pharmacy,cetaphil_bright_healthy_serum_30g
CETAPHIL OPTIMAL HYDRATION 48 HOUR ACTIVATION SERUM 30ML,CARiNG Pharmacy,cetaphil_optimal_tion_30g
CETAPHIL SUN SPF50 VERY HIGH PROTECTION LIGHT GEL 50ML,CARiNG Pharmacy,cetaphil_sun_spf50_50g
CETAPHIL DAILY DEFENSE CREAM SPF50 50G,CARiNG Pharmacy,cetaphil_daily_defense_50g
GARNIER MEN TURBO LIGHT OIL CONTROL 3 IN 1 CHARCOAL FACIAL WASH 100ML,CARiNG Pharmacy,garnier_men_turbo_100g
GARNIER MEN POWER WHITE SUPER DUO FOAM FACIAL WASH 100ML,CARiNG Pharmacy,garnier_men_power_100g
GARNIER BRIGHT COMPLETE VITAMIN C GEL WASH 120ML,CARiNG Pharmacy,garnier_bright_complete_cleanser_120g
GARNIER BRIGHT COMPLETE BRIGHTENING SCRUB WASH 50ML,CARiNG Pharmacy,garnier_bright_complete_cleanser_50g
GARNIER BRIGHT COMPLETE BRIGHTENING SCRUB WASH 100ML,CARiNG Pharmacy,garnier_bright_complete_cleanser_100g
GARNIER MICELLAR WATER BRIGHTENING 125ML,CARiNG Pharmacy,garnier_micellar_vita_125g
GARNIER MICELLAR CLEANSING WATER VITAMIN C 400ML,CARiNG Pharmacy,garnier_micellar_vita_400g
GARNIER MICELLAR CLEANSING WATER PINK 50ML,CARiNG Pharmacy,garnier_micellar_sensitive_50g
GARNIER MICELLAR OIL -INFUSED CLEANSING WATER 400ML,CARiNG Pharmacy,garnier_micellar_oil_400g
GARNIER MICELLAR CLEANSING WATER SALICYLIC BHA 400ML,CARiNG Pharmacy,garnier_micellar_blue_400g
GARNIER MICELLAR CLEANSING WATER GENTLE 400ML,CARiNG Pharmacy,garnier_micellar_gentle_400g
GARNIER MICELLAR CLEANSING WATER GENTLE 125ML,CARiNG Pharmacy,garnier_micellar_gentle_125g
GARNIER MICELLAR CLEANSING WATER ROSE 400ML,CARiNG Pharmacy,garnier_micellar_rose_400g
GARNIER MICELLAR CLEANSING WATER ROSE 125ML,CARiNG Pharmacy,garnier_micellar_rose_125g
GARNIER BRIGHT COMPLETE ANTI-ACNE UV SERUM SPF50+ 30ML,CARiNG Pharmacy,garnier_bright_complete_30g
GARNIER BRIGHT COMPLETE BOOSTER SERUM 50ML,CARiNG Pharmacy,garnier_bright_booster_serum_50g
GARNIER BRIGHT COMPLETE OVERNIGHT BOOSTER SERUM 15ML,CARiNG Pharmacy,garnier_bright_overnight_serum_15g
GARNIER BRIGHT COMPLETE ANTI-ACNE BOOSTER SERUM 15ML,CARiNG Pharmacy,garnier_bright_anti_acne_serum_15g
GARNIER SAKURA GLOW HYALURON UV SERUM CREAM 40ML,CARiNG Pharmacy,garnier_sakura_hyaluron_cream_40g
GARNIER BRIGHT COMPLETE BOOSTER SERUM 15ML,CARiNG Pharmacy,garnier_bright_booster_serum_15g
GARNIER BRIGHT COMPLETE ANTI-ACNE SERUM 30ML,CARiNG Pharmacy,garnier_bright_anti_acne_serum_30g
GARNIER SUPER UV INVISIBLE SERUM SUNSCREEN SPF50+ 30ML,CARiNG Pharmacy,garnier_super_uv_30g
GARNIER BRIGHT COMPLETE OVERNIGHT SERUM 30ML,CARiNG Pharmacy,garnier_bright_overnight_serum_30g
GARNIER SAKURA WHITE HYALURON BOOSTER SERUM 30ML,CARiNG Pharmacy,garnier_sakura_white_serum_30g
GARNIER BRIGHT COMPLETE BOOSTER SERUM 30ML,CARiNG Pharmacy,garnier_bright_booster_serum_30g
GARNIER SERUM MASK LIGHT COMPLETE,CARiNG Pharmacy,garnier_mask_light_complete
GARNIER SERUM MASK SAKURA WHITE,CARiNG Pharmacy,garnier_mask_sakura_white
GARNIER SAKURA WHITE WHITENING SERUM CREAM 50ML,CARiNG Pharmacy,garnier_sakura_white_serum_50g
GARNIER BRIGHTCOMPLETE WHITENING SERUM CREAM 40ML,CARiNG Pharmacy,garnier_bright_whitening_serum_cream_40g
GARNIER BRIGHT COMPLETE WHITENING SERUM CREAM SPF36 50ML,CARiNG Pharmacy,garnier_bright_whitening_serum_cream_50g
GARNIER BRIGHT COMPLETE COOLING UV GEL SPF50+ 30ML,CARiNG Pharmacy,garnier_cooling_gel_sunscreen_30g
GARNIER MEN ACNO FIGHT GENTLE GEL CLEANSER 100ML,CARiNG Pharmacy,garnier_men_acno_100g
GARNIER BRIGHT COMPLETE SUPER UV MATTE SPOT-PROOF SUNSCREEN SPF50 30ML,CARiNG Pharmacy,garnier_bright_matte_sunscreen_30g
GARNIER PURE CHARCOAL MASK BLACK ALGAE,CARiNG Pharmacy,garnier_pure_charcoal
GARNIER MICELLAR OIL-INFUSED CLEANSING WATER 50ML,CARiNG Pharmacy,garnier_micellar_oil_50g
EUCERIN DERMATO CLEAN CLARIFYING TONER 200ML,CARiNG Pharmacy,eucerin_dermato_clean_clarifying_200g
EUCERIN DERMOPURE CLINICAL PURIFYING TONER 200ML,CARiNG Pharmacy,eucerin_dermopure_purifying_200g
EUCERIN SPOTLESS BRIGHTENING BOOSTER SERUM 30ML,CARiNG Pharmacy,eucerin_spotless_brightening_serum_30g
EUCERIN SPOTLESS BRIGHTENING SUN SERUM 50ML,CARiNG Pharmacy,eucerin_spotless_50g
EUCERIN SPOTLESS BRIGHTENING SERUM + CLEANSE SET (BOOSTER & FOAM),CARiNG Pharmacy,eucerin_spotless_serum_cleanse
EUCERIN DERMOPURE CLINICAL SOS SERUM 40ML,CARiNG Pharmacy,eucerin_dermopure_clinical_40g
EUCERIN EVEN RADIANCE WATER GEL MOISTURIZER 50ML,CARiNG Pharmacy,eucerin_even_radiance_50g
EUCERIN ULTRA SENSITIVE REPAIR CREAM 50ML,CARiNG Pharmacy,eucerin_ultra_sensitive_50g
EUCERIN SENSITIVE SKIN PH5 LOTION 400ML,CARiNG Pharmacy,eucerin_ph5_lotion_400g
EUCERIN SPOTLESS BRIGHTENING DAY FLUID SPF30 50ML,CARiNG Pharmacy,eucerin_spotless_brightening_50g
AIKEN 5X CERAMIDE BRIGHT & VITAMIN C FACIAL CLEANSER 100G,CARiNG Pharmacy,aiken_ceramide_bright_cleanser_100g
AIKEN PREBIOTIC CLEANSER HYDRA & DEEP CLEANSING 120G,CARiNG Pharmacy,aiken_prebiotic_deep_cleanser_120g
AIKEN BHA PHA PORE REFINING CLEANSER 100G,CARiNG Pharmacy,aiken_bha_pha_cleanser_100g
AIKEN PREBIOTIC HYDRA PLUS MICELLAR WATER 300ML,CARiNG Pharmacy,aiken_prebiotic_micellar_300g
AIKEN TEA TREE OIL FACIAL CLEANSER+MAKE-UP REMOVER 150ML,CARiNG Pharmacy,aiken_tea_tree_remover_cleanser_150g
AIKEN TEA TREE OIL SPOT AWAY FACIAL CLEANSER 100G,CARiNG Pharmacy,aiken_tea_tree_cleanser_100g
AIKEN PREBIOTIC HYDRA PLUS FACIAL CLEANSER 120G,CARiNG Pharmacy,aiken_prebiotic_8x_cleanser_120g
AIKEN TEA TREE OIL UV PROTECTION OIL & ACNE CONTROL TONER 100ML,CARiNG Pharmacy,aiken_tea_tree_toner_100g
AIKEN 5X CERAMIDE BRIGHT & VITAMIN C 10% TRIPLE SERUM 15ML,CARiNG Pharmacy,aiken_5x_ceramide_serum_15g
AIKEN 10% HA PREBIOTIC NIACINAMIDE TRIPLE SERUM 15ML,CARiNG Pharmacy,aiken_prebiotic_10%_15g
AIKEN PREBIOTIC HYDRA PLUS MOISTURIZER 40G,CARiNG Pharmacy,aiken_hydra_moisturizer_40g
AIKEN 5X CERAMIDE BRIGHT & VITAMIN C MOISTURISER 40G,CARiNG Pharmacy,aiken_ceramide_bright_moisturizer_40g
AIKEN PREBIOTIC HYDRA PLUS SPF25 MOISTURISER 40G,CARiNG Pharmacy,aiken_prebiotic_spf_moisturizer_40g
AIKEN TEA TREE OIL UV PROTECTION OIL & ACNE CONTROL MOISTURISER 75ML,CARiNG Pharmacy,aiken_tea_tree_moisturizer_75g
AIKEN PREBIOTIC SUNSCREEN SPF50 PA+++ 25G,CARiNG Pharmacy,aiken_prebiotic_sunscreen_25g
AIKEN 5X CERAMIDE BRIGHT & VITAMIN C SPF50+ PA++++ 25G,CARiNG Pharmacy,aiken_5x_ceramide_sunscreen_25g
SKINTIFIC Sensitive Soothe Cleanser 120ml,Watsons,skintific_sensitive_soothe_120g
SKINTIFIC Panthenol Gentle Gel Cleanser 120ml,Watsons,skintific_panthenol_cleanser_120g
SKINTIFIC Niacinamide Brightening Facial Cleanser 120ml,Watsons,skintific_niacinamide_cleanser_120g
SKINTIFIC Vitamin C Brightening Facial Cleanser 80ml,Watsons,skintific_vitamin_cleanser_80g
SKINTIFIC Damask Rose Brightening Whipped Cream Cleanser 120g,Watsons,skintific_da_rose_120g
SKINTIFIC 3X Acid Acne Gel Cleanser 120ml,Watsons,skintific_3x_acid_cleanser_120g
Skintific 5X Ceramide Low pH Cleanser 120ML,Watsons,skintific_5x_ceramide_cleanser_120g
SKINTIFIC Niacinamide Brightening Essence Toner 80ml,Watsons,skintific_niacinamide_toner_80g
SKINTIFIC 5X Ceramide Soothing Toner 80ml,Watsons,skintific_5x_ceramide_toner_80g
SKINTIFIC Pure Centella Acne Calming Toner 80ml,Watsons,skintific_centella_toner_80g
SKINTIFIC 5% AHA/BHA Exfoliating Toner 80ml,Watsons,skintific_aha_bha_toner_80g
SKINTIFIC 377 Dark Spot Essence Toner 80ml,Watsons,skintific_dark_spot_toner_80g
SKINTIFIC Vitamin C Brightening Glow Toner 80ml,Watsons,skintific_vitamin_toner_80g
SKINTIFIC 10% Niacinamide Serum 20ml,Watsons,skintific_niacinamide_serum_20g
SKINTIFIC 10% Niacinamide Serum 50ml,Watsons,skintific_niacinamide_serum_50g
SKINTIFIC Sensitive Serum Sunscreen 30g,Watsons,skintific_sensitive_sunscreen_30g
SKINTIFIC Sensitive Serum Sunscreen 50g,Watsons,skintific_sensitive_sunscreen_50g
SKINTIFIC 5X Ceramide Serum 50ml,Watsons,skintific_ceramide_serum_50g
SKINTIFIC Radiance Booster Serum Spray 100ml,Watsons,skintific_booster_serum_spray_100g
SKINTIFIC Matte Fit Serum Sunscreen 50g,Watsons,skintific_matte_sunscreen_50g
SKINTIFIC PDRN Bright & Smooth Serum 20ml,Watsons,skintific_pdrn_bright_serum_20g
SKINTIFIC Retinol Skin Renewal Serum 20ml,Watsons,skintific_retinol_serum_20g
SKINTIFIC Matte Fit Serum Sunscreen 30g,Watsons,skintific_matte_sunscreen_30g
SKINTIFIC Peptide Brightening Lip Serum 6.5ml,Watsons,skintific_lip_brightening
SKINTIFIC Ultra Light Serum Sunscreen 25ml,Watsons,skintific_ultra_light_sunscreen_25g
SKINTIFIC Symwhite 377 Dark Spot Serum 50ml,Watsons,skintific_symwhite_serum_50g
SKINTIFIC 5X Ceramide Barrier Serum 20ml,Watsons,skintific_ceramide_serum_20g
SKINTIFIC SYMWHITE 377-Dark Spot Eraser Serum 20ml,Watsons,skintific_symwhite_serum_20g
SKINTIFIC PDRN Radiance Bright Serum Spray 100ML,Watsons,skintific_pdrn_serum_spray_100g
SKINTIFIC 2% Salicylic Acid Anti Acne Serum 20ml,Watsons,skintific_salicylic_serum_20g
SKINTIFIC 5X Ceramide Serum Sunscreen 50g,Watsons,skintific_5x_ceramide_sunscreen_50g
SKINTIFIC Lactic Acid Skin Renewal Exfoliating Serum 20ml,Watsons,skintific_lactic_serum_20g
SKINTIFIC 10% Pure Vitamin C Brightening Serum 20ml,Watsons,skintific_pure_vitamin_20g
SKINTIFIC Peptide Nourishing Lip Serum Cherry Red 6.5ml,Watsons,skintific_lip_cherry
SKINTIFIC Peptide Nourishing Lip Serum Coral Rose 6.5ml,Watsons,skintific_lip_coral
SKINTIFIC Bright Fit Serum Sunscreen SPF50 PA++++ 50g,Watsons,skintific_bright_sunscreen_50g
SKINTIFIC Retinol Skin Renewal Moisturizer 30g,Watsons,skintific_retinol_moisturizer_30g
SKINTIFIC Vitamin C Brightening Boost Moisturizer 30g,Watsons,skintific_vitamin_brightening_30g
SKINTIFIC Ectoin Skin Cream Gel Moisturizer 30g,Watsons,skintific_ectoin_cream_30g
SKINTIFIC 5X Ceramide Barrier Moisturizer Gel 80g,Watsons,skintific_5x_ceramide_80g
SKINTIFIC 3X Acid Acne-Care Gel Moisturizer 30g,Watsons,skintific_3x_acid_30g
SKINTIFIC Outdoor Sunscreen Spray SPF 50+ PA++++ 250ml,Watsons,skintific_outdoor_sunscreen_250g
SKINTIFIC Aqua Light Daily Sunscreen SPF 35 PA+++ 30ml,Watsons,skintific_aqua_sunscreen_30g
SKINTIFIC All-Day Light Sunscreen Mist SPF 50 120ml,Watsons,skintific_all_day_sunscreen_120g
SKINTIFIC 5X Ceramide Serum Sunscreen SPF+++ -30ml,Watsons,skintific_5x_ceramide_sunscreen_30g
SKINTIFIC All Day Light Sunscreen Mist SPF50 PA++++ 70ml,Watsons,skintific_all_day_sunscreen_70g
SKINTIFIC Bright Fit Serum Sunscreen SPF50 PA++++ 30g,Watsons,skintific_bright_sunscreen_30g
SKINTIFIC Aqua Light Daily Sunscreen SPF 35 PA+++ 50g,Watsons,skintific_aqua_sunscreen_50g
SKINTIFIC All Day Protect Tinted Sunscreen Spf 50+++ 02 Ivory,Watsons,skintific_tinted_ivory
SKINTIFIC All Day Protect Tinted Sunscreen Spf 50+++ 01 Vanilla,Watsons,skintific_tinted_vanilla
SKINTIFIC All Day Protect Tinted Sunscreen Spf 50+++ 03 Petal,Watsons,skintific_tinted_petal
SKINTIFIC All Day Protect Tinted Sunscreen Spf 50+++ 04 Beige,Watsons,skintific_tinted_beige
SKINTIFIC Niacinamide Brightening Daily Mask 30s,Watsons,skintific_niacinamide_daily_mask_400g
SKINTIFIC Alaska Volcano Clay Deep Pores Cleansing Clay Mask 55g,Watsons,skintific_volcano_55g
SKINTIFIC Niacinamide Brightening Micellar Water,Watsons,skintific_niacinamide_micellar_400g
SKINTIFIC 5X Ceramide Barrier Micellar Water,Watsons,skintific_ceramide_micellar_400g
CETAPHIL CETAPHIL Daily Facial Cleanser 473ml,Watsons,cetaphil_daily_cleanser_473g
CETAPHIL Gentle Skin Cleanser For Face & Body 118ml,Watsons,cetaphil_gentle_cleanser_118g
CETAPHIL Gentle Skin Cleanser For Face & Body 236ml,Watsons,cetaphil_gentle_cleanser_236g
CETAPHIL Gentle Skin Cleanser For Face & Body 473ml,Watsons,cetaphil_gentle_cleanser_473g
CETAPHIL Gentle Skin Cleanser 473ml X 2,Watsons,cetaphil_gentle_473ml_473g_x2
CETAPHIL Gentle Exfoliating Salicylic Acid Cleanser 236ml,Watsons,cetaphil_gentle_exfoliating_236g
CETAPHIL Daily Exfoliating Cleanser 178ml,Watsons,cetaphil_daily_exfoliating_178g
CETAPHIL Daily Facial Cleanser 236ml,Watsons,cetaphil_daily_cleanser_236g
CETAPHIL Hydrating Foaming Cream Cleanser 236ml,Watsons,cetaphil_hydrating_foaming_cleanser_236g
CETAPHIL Soothing Foam Wash Cleanser 200ml,Watsons,cetaphil_soothing_foam_200g
CETAPHIL Bright Healthy Radiance Creamy Cleanser 100g,Watsons,cetaphil_bright_creamy_cleanser_100g
CETAPHIL Travel Kit (Cleanser 118ml+Moisturizing Cream 50g),Watsons,cetaphil_travel_kit_118g
CETAPHIL Hydrating Foaming Cream Cleanser 473ml,Watsons,cetaphil_hydrating_foaming_cleanser_473g
CETAPHIL Daily Facial Cleanser 473ml x 2s,Watsons,cetaphil_daily_cleanser_473g_x2
CETAPHIL Gentle Cleanser 473ml & Moist 453g,Watsons,cetaphil_gentle_combo_473g
CETAPHIL Gentle Exfoliating Salicylic Acid Cleanser 473ml,Watsons,cetaphil_gentle_exfoliating_473g
CETAPHIL Pro Acne Cleanser 236ml & Moist 118ml,Watsons,cetaphil_pro_acne_236g
CETAPHIL Bright Healthy Radiance Gentle Renew Cleanser 100g,Watsons,cetaphil_bright_gentle_cleanser_100g
CETAPHIL Daily Facial Cleanser 236ml Twin Pack,Watsons,cetaphil_daily_cleanser_236g_x2
CETAPHIL Trial Kit - Daily Facial Cleanser 29ml + Moist Cream 10g,Watsons,cetaphil_trial_kit_29g
CETAPHIL Gentle Exfoliating Salicylic Acid Cleanser 473ml x2,Watsons,cetaphil_gentle_exfoliating_473g_x2
CETAPHIL Bright Healthy Radiance Refresh Toner 150ml,Watsons,cetaphil_bright_radiance_toner_150g
CETAPHIL Advanced Defence Serum 30ml,Watsons,cetaphil_advanced_defence_serum_30g
CETAPHIL Repair & Renew Serum 30ml,Watsons,cetaphil_repair_serum_30g
CETAPHIL Advanced Defence Serum 30ml & Repair & Renew Serum 30ml,Watsons,cetaphil_advanced_defence_combo_serum_30g
CETAPHIL Bright Healthy Radiance Perfecting Serum 30ml,Watsons,cetaphil_bright_healthy_serum_30g
CETAPHIL Optimal Hydration 48H Activation Serum 30ml,Watsons,cetaphil_optimal_serum_30g
CETAPHIL Bright Healthy Radiance Perfecting Serum 30ml & Optimal Hydration 48H Activation Serum 30ml,Watsons,cetaphil_bright_healthy_combo_serum_30g
CETAPHIL Moisturising Cream 226G,Watsons,cetaphil_moisturising_cream_226g
CETAPHIL Moisturizing Cream For Face & Body 50g,Watsons,cetaphil_moisturizing_cream_50g
CETAPHIL Moisturizing Lotion For Face & Body 236ml,Watsons,cetaphil_moisturizing_lotion_237g
CETAPHIL Moisturizing Cream For Face & Body 453g,Watsons,cetaphil_moisturizing_cream_453g
CETAPHIL Moisturizing Cream For Face & Body 100g,Watsons,cetaphil_moisturizing_cream_100g
CETAPHIL Moisturizing Lotion For Face & Body 473ml,Watsons,cetaphil_moisturizing_lotion_473g
CETAPHIL Moisturizing Cream For Face & Body 453g X 2,Watsons,cetaphil_moisturizing_cream_453g_x2
CETAPHIL Daily Facial Moisturizer SPF15 118ml,Watsons,cetaphil_daily_moisturizer_spf15_118g
CETAPHIL Sun SPF50 Light Gel Sunscreen For Face & Body 50ml,Watsons,cetaphil_sun_spf50_50g
CETAPHIL Cetaphil Ceramide Repair Lotion 236ml,Watsons,cetaphil_ceramide_lotion_236g
CETAPHIL Cetaphil Ceramide Repair Lotion 473ml,Watsons,cetaphil_ceramide_lotion_473g
CETAPHIL Cetaphil RPO AD DERMA Repair Cream 226g,Watsons,cetaphil_pro_repair_cream_226g
GARNIER Sakura Glow Hyaluron Face Wash 100ml,Watsons,garnier_sakura_glow_cleanser_100g
GARNIER Bright Complete Serum Cleanser 100ml,Watsons,garnier_bright_complete_cleanser_100g
GARNIER MEN Acno Fight Gentle Gel Cleanser 100ml,Watsons,garnier_men_acno_100g
GARNIER Garnier Skin Naturals Serum Mask Sakura White 1s,Watsons,garnier_naturals_sakura
GARNIER Bright Complete Dark Spot Serum 50ml,Watsons,garnier_bright_darkspot_serum_50g
GARNIER Light Complete Vitamin C Booster Serum 30ml,Watsons,garnier_bright_vitamin_serum_30g
GARNIER Bright Complete Booster Serum 15ml,Watsons,garnier_bright_booster_serum_15g
GARNIER Tri Acid Serum 20ml,Watsons,garnier_tri_acid_20g
GARNIER Bright Complete Vitamin C Serum Cream 40ml,Watsons,garnier_bright_vitamin_cream_40g
GARNIER Bright Complete Anti Acne Serum 30ml,Watsons,garnier_bright_anti_acne_serum_30g
GARNIER Sakura Glow Booster Serum 30ml,Watsons,garnier_sakura_glow_serum_30g
GARNIER Bright Complete Serum 8ml,Watsons,garnier_bright_booster_serum_8g
GARNIER Bright Complete Overnight Serum 30ml,Watsons,garnier_bright_overnight_serum_30g
GARNIER Super UV Serum Sunscreen SPF50+ 30ml,Watsons,garnier_super_uv_sunscreen_30g
GARNIER Bright Complete Overnight Serum 15ml,Watsons,garnier_bright_overnight_serum_15g
GARNIER Skin Naturals Serum Mask Light Complete,Watsons,garnier_vitamin_mask
GARNIER Bright Complete Anti Acne Serum 15ml,Watsons,garnier_bright_anti_acne_serum_15g
GARNIER Super UV Anti-Acne Serum Sunscreen 30ml,Watsons,garnier_super_anti_acne_sunscreen_30g
GARNIER Bright Complete Vitamin C Serum 30ml & Water Gel 50ml Set,Watsons,garnier_bright_vitamin_serum_gel_30g
GARNIER Bright Complete Anti Acne Serum 30ml & Micellar Water 400ml Set,Watsons,garnier_anti_acne_serum_micellar_blue_30g
GARNIER Bright Complete Overnight Serum 30ml & Micellar Oil-Infused Cleaning Water 400ml Set,Watsons,garnier_overnight_serum_micellar_oil_30g
GARNIER Skin Naturals Light Moisturizer 50ml,Watsons,garnier_naturals_bright_50g
GARNIER Super UV Cooling Gel Sunscreen 30ml,Watsons,garnier_cooling_gel_sunscreen_30g
GARNIER White Speed Yoghurt Sleeping Mask 50ml,Watsons,garnier_yoghurt_sleeping_mask_50g
GARNIER MEN Turbobright Charcoal Mask XL 1s,Watsons,garnier_men_charcoal_mask
GARNIER Bright Complete Anti Acne Mask,Watsons,garnier_anti_acne_mask
GARNIER Micellar Water Even For Sensitive Skin 400ml,Watsons,garnier_micellar_sensitive_400g
GARNIER Micellar Water Rose 400ml,Watsons,garnier_micellar_rose_400g
GARNIER Micellar Water Brightening 125ml,Watsons,garnier_micellar_vita_125g
GARNIER Micellar Water Brightening 400ml,Watsons,garnier_micellar_vita_400g
GARNIER Micellar Water Rose 125ml,Watsons,garnier_micellar_rose_125g
GARNIER Micellar Water Even For Sensitive Skin 125ml,Watsons,garnier_micellar_sensitive_125g
GARNIER Micellar Water Rose 400ml Twin Pack,Watsons,garnier_micellar_rose_400g_x2
GARNIER Micellar Water Brightening 400ml Twin Pack,Watsons,garnier_micellar_vita_400g_x2
GARNIER Micellar Cleansing Water Sensitive 50ml,Watsons,garnier_micellar_sensitive_50g
GARNIER Pure Active Micellar Cleansing Water 400ml,Watsons,garnier_micellar_blue_400g
GARNIER Pure Active Micellar Cleansing Water 125ml,Watsons,garnier_micellar_blue_125g
GARNIER Micellar Oil-Infused Cleansing Water 400ml,Watsons,garnier_micellar_oil_400g
GARNIER Sensitive Skin Micellar Cleansing Water 400ml Twin Pack,Watsons,garnier_micellar_sensitive_400g_x2
GARNIER Micellar Oil-Infused Cleansing Water 125ml,Watsons,garnier_micellar_oil_125g
GARNIER Micellar Oil Infused Cleansing Water 50ml,Watsons,garnier_micellar_oil_50g
GARNIER Micellar Oil-Infused Cleansing Water 400ml Twin Pack,Watsons,garnier_micellar_oil_400g_x2
GARNIER Micellar Cleansing Water Blue 400ml x2 + Blindbox,Watsons,garnier_micellar_blue_box_400g_x2
GARNIER Pure Active Micellar Cleansing Water 400ml Twin Pack,Watsons,garnier_micellar_blue_400g_x2
GARNIER Redeem Micellar Water 48ml Minis with 10 Watsons points,Watsons,garnier_micellar_sensitive_48g
COSRX Salicylic Acid Daily Gentle Cleanser 50ml,Watsons,cosrx_salicylic_acid_cleanser_50g
COSRX AC Collection Calming Foam Cleanser 50ml,Watsons,cosrx_ac_collection_cleanser_50g
COSRX AC Collection Calming Foam Cleanser 150ml,Watsons,cosrx_ac_collection_cleanser_150g
COSRX Low PH Good Morning Gel Cleanser 50ml,Watsons,cosrx_low_ph_cleanser_50g
COSRX Low PH Good Morning Gentle Cleanser 150ML,Watsons,cosrx_low_ph_cleanser_150g
COSRX [PEANUTS] Salicylic Acid Daily Gentle Cleanser 150ml,Watsons,cosrx_peanuts_salicylic_150g
COSRX [PEANUTS] Low pH Good Morning Gel Cleanser 150ml,Watsons,cosrx_peanuts_lowph_150g
COSRX AHA/BHA Clarifying Treatment Toner 150ML,Watsons,cosrx_aha_bha_toner_150g
COSRX Full Fit Propolis Synergy Toner 150ml,Watsons,cosrx_full_fit_toner_150g
COSRX Centella Water Alcohol-Free Toner 150ml,Watsons,cosrx_centella_toner_150g
COSRX Full Fit Propolis Synergy Toner 50ml,Watsons,cosrx_full_fit_toner_50g
COSRX [PEANUTS] AHA/ BHA Clarifying Treatment Toner 150ml,Watsons,cosrx_peanuts_aha_bha_toner_150g
COSRX 5 PDRN B5 Vital Soothing Toner 280ml,Watsons,cosrx_pdrn_b5_280g
COSRX The Niacinamide 15 Serum 20ml,Watsons,cosrx_niacinamide_serum_20g
COSRX The Vitamin C 23 Serum 20ml,Watsons,cosrx_vitamin_c23_serum_20g
COSRX The Hyaluronic Acid 3 Serum 20ml,Watsons,cosrx_hyaluronic_serum_20g
COSRX The Vitamin C 13 Serum 20ml,Watsons,cosrx_vitamin_c13_serum_20g
COSRX The 6 Peptide Skin Booster Serum 150ml,Watsons,cosrx_the_peptide_150g
COSRX 5 PDRN Collagen Intense Vitalizing Serum 100ml,Watsons,cosrx_pdrn_collagen_100g
COSRX The 6 Peptide Skin Booster Serum 30ml,Watsons,cosrx_the_peptide_30g
COSRX The Alpha-Arbutin 2 Discoloration Care Serum 50ml,Watsons,cosrx_alpha_serum_50g
COSRX [PEANUTS] The Alpha-Arbutin 2 Discoloration Care Serum 50ml,Watsons,cosrx_peanuts_alpha_serum_50g
COSRX The Ceramide Skin Barrier Moisturizer 80ml,Watsons,cosrx_ceramide_moisturizer_80g
COSRX Oil Free Ultra Moisturizing Lotion 100ml,Watsons,cosrx]_ultra_lotion_100g
COSRX 5 PDRN Hyaluronic Acid Vital Hydrating Hydrogel Mask 1s,Watsons,cosrx_pdrn_hyaluronic_mask
COSRX Aloe Soothing Sun Cream 50ML,Watsons,cosrx_aloe_cream_50g
COSRX Ultra-Light Invisible Sunscreen 50ml,Watsons,cosrx_ultra_light_50g
COSRX PDRN Exosome Skinplanning Glaze Mask 50ml,Watsons,cosrx_pdrn_exosome_mask_50g
COSRX The Alpha-Arbutin Discoloration Care Hydrogel Mask 1s,Watsons,cosrx_alpha_mask
COSRX The Peptide Collagen Lifting Glow Hydrogel Mask 1s,Watsons,cosrx_peptide_mask
COSRX Advanced Snail Mucin Glass Glow Hydrogel Mask 1s,Watsons,cosrx_advanced_snail_mask
MEDICUBE PDRN Pink Niacinamide Whip Cleanser 120g,Watsons,medicube_pdrn_pink_cleanser_120g
MEDICUBE PDRN Toning Gel Toner Pad 70s,Watsons,medicube_pdrn_toner_pad
MEDICUBE Collagen Peptide Glow Booster Serum 15ml,Watsons,medicube_collagen_peptide_15g
MEDICUBE PDRN Pink One Day Serum 10s,Watsons,medicube_pdrn_oneday_10g
MEDICUBE PDRN Pink Peptide Brightening Glow Serum 30ml,Watsons,medicube_pdrn_peptide_30g
MEDICUBE PDRN Pink Collagen Shot Serum 2000 30ml,Watsons,medicube_pdrn_collagen_2000_30g
MEDICUBE PDRN Pink Collagen Shot Serum 7500 30ml,Watsons,medicube_pdrn_collagen_7500_30g
MEDICUBE PDRN Pink Hyaluronic Moisturizing Cream 50ml,Watsons,medicube_pdrn_pink_50g
MEDICUBE Age-R Booster Pro Mini Plus (Mini Plus + Cleansing Head) _ Beige,Watsons,medicube_age_booster
MEDICUBE Collagen Night Wrapping Mask 75ml,Watsons,medicube_collagen_mask_75g
MEDICUBE Kojic Acid Turmeric Night Wrapping Mask 75ml,Watsons,medicube_kojic_mask_75g
MEDICUBE PDRN Pink Collagen Gel Mask 28g,Watsons,medicube_pdrn_collagen_mask_28g
MEDICUBE PDRN Pink Caffeine Night Wrapping Mask 75ml,Watsons,medicube_pdrn_caffeine_mask_75g
MEDICUBE PDRN Pink Tension Up Mask Set (Sheets + V-Line Band) 1s,Watsons,medicube_pdrn_tension_mask
GLAD2GLOW Niacinamide Serum Facial Wash 70ml,Watsons,glad2glow_niacinamide_cleanser_70g
GLAD2GLOW Deep Pore Clean Facial Wash 70ml,Watsons,glad2glow_deep_cleanser_70g
GLAD2GLOW Glycolic Oil Control Facial Wash 70ml,Watsons,glad2glow_glycolic_cleanser_70g
GLAD2GLOW Low pH 5.5 Gentle Facial Wash 70ml,Watsons,glad2glow_gentle_cleanser_70g
GLAD2GLOW Blueberry Ceramide Barrier Repair Kit (Cleanser 70ml + Moisturizer 30g),Watsons,glad2glow_blueberry_cleanser_70g
GLAD2GLOW Milk Amino Acids Brightening Cleanser 80g,Watsons,glad2glow_milk_amino_cleanser_80g
GLAD2GLOW Yuzu AHA Blackhead Exfoliating Cleanser 70ml,Watsons,glad2glow_yuzu_cleanser_70g
GLAD2GLOW Centella Salicylic Acid Acne Gel Cleanser 70ml,Watsons,glad2glow_centella_cleanser_70g
GLAD2GLOW Tangerine Vita C Power Bright Glow Cleanser 80g,Watsons,glad2glow_tangerine_cleanser_80g
GLAD2GLOW Tremella Vita B5 Sensitive Calming Gel Cleanser 70ml,Watsons,glad2glow_tremella_cleanser_70g
GLAD2GLOW Milk Amino Acids Brightening Cleanser Twin Pack (2x80g),Watsons,glad2glow_milk_amino_cleanser_80g_x2
GLAD2GLOW 7% Glycolic Acid Toner 100ml,Watsons,glad2glow_glycolic_toner_100g
GLAD2GLOW Pomegranate Niacinamide Brightening Toner 80ml,Watsons,glad2glow_pomegranate_toner_80g
GLAD2GLOW Milk Niacinamide Brightening Toner 80ml,Watsons,glad2glow_milk_niacinamide_toner_80g
GLAD2GLOW Centella Ceramide Soothing Toner 80ml,Watsons,glad2glow_centella_toner_80g
GLAD2GLOW Propolis Hyaluronic Acid Barrier Toner 80ml,Watsons,glad2glow_propolis_toner_80g
GLAD2GLOW Blackberry AHA BHA PHA Exfoliating Toner 80ml,Watsons,glad2glow_blackberry_toner_80g
GLAD2GLOW Tangerine Vita C Power Bright Glow Toner 80ml,Watsons,glad2glow_tangerine_toner_80g
GLAD2GLOW Pomegranate Brightening Kit (Serum 17ml+Moisturizer 30g),Watsons,glad2glow_pomegranate_serum_moisturizer_17g
GLAD2GLOW Peach Retinol Smoothing Kit (Serum 17ml + Moisturizer 30g),Watsons,glad2glow_peach_retinol_serum_moisturizer_17g
GLAD2GLOW Centella Salicylic Acid Acne Kit (Serum 17ml + Moisturizer 30g),Watsons,glad2glow_centella_serum_moisturizer_17g
GLAD2GLOW Peach Retinol Serum 17ml,Watsons,glad2glow_peach_retinol_serum_17g
GLAD2GLOW Radiance Glow Serum Spray 100ml,Watsons,glad2glow_radiance_glow_serum_100g
GLAD2GLOW Milk Niacinamide Brightening Serum 17ml,Watsons,glad2glow_milk_niacinamide_serum_17g
GLAD2GLOW Lash & Brow Intense Serum 4.5ml,Watsons,glad2glow_brow_lash
GLAD2GLOW Brightening Charm Lip Serum 07 Pumpkin Frost 7g,Watsons,glad2glow_lip_pumpkin
GLAD2GLOW Brightening Charm Lip Serum 06 Cherry Pop 7g,Watsons,glad2glow_lip_cherry
GLAD2GLOW Pomegranate Niacinamide Power Bright Serum 17ml,Watsons,glad2glow_pomegranate_serum_17g
GLAD2GLOW Perfect Vita C Bright Glow Serum 17ml,Watsons,glad2glow_perfect_vita_17g
GLAD2GLOW Yuja Symwhite 377 Dark Spot Serum 17ml,Watsons,glad2glow_yuja_serum_17g
GLAD2GLOW PDRN 10% Niacinamide 3% TXA Brightening Serum 20ml,Watsons,glad2glow_pdrn_niacinamide_20g
GLAD2GLOW Brightening Charm Lip Serum 01 Strawberry Glaze 7g,Watsons,glad2glow_lip_strawberry
GLAD2GLOW Brightening Charm Lip Serum 03 Berry Soda 7g,Watsons,glad2glow_lip_berry
GLAD2GLOW Centella Salicylic Acid Power Clear Acne Serum 17ml,Watsons,glad2glow_centella_serum_17g
GLAD2GLOW Brightening Charm Lip Serum 04 Pearl Sparkle 7g,Watsons,glad2glow_lip_pearl
GLAD2GLOW Brightening Charm Lip Serum 02 Peach Pie 7g,Watsons,glad2glow_lip_peach
GLAD2GLOW Peach Retinol Moisturizer 30g,Watsons,glad2glow_peach_retinol_30g
GLAD2GLOW Peach Retinol Moisturizer 100g,Watsons,glad2glow_peach_retinol_100g
GLAD2GLOW Pomergranate Niacinamide Brightening Moisturizer 30g,Watsons,glad2glow_pomegranate_niacinamide_30g
GLAD2GLOW Pomergranate Niacinamide Brightening Moisturizer 100g,Watsons,glad2glow_pomegranate_niacinamide_100g
GLAD2GLOW Milk Niacinamide Brightening Moisturizer 30g,Watsons,glad2glow_milk_niacinamide_30g
GLAD2GLOW Centella Allantoin Soothing Gel Moisturizer 30g,Watsons,glad2glow_centella_allantoin_30g
GLAD2GLOW Blueberry Ceramide Barrier Repair Moisturizer 30g,Watsons,glad2glow_blueberry_moisturizer_30g
GLAD2GLOW Yuja 377 Dark Spot Moisturizer 30g,Watsons,glad2glow_yuja_moisturizer_30g
GLAD2GLOW Centella Allantoin Soothing Gel Moisturizer 100g,Watsons,glad2glow_centella_allantoin_100g
GLAD2GLOW Centella Allantoin Soothing Gel Moisturizer 55g,Watsons,glad2glow_centella_allantoin_55g
GLAD2GLOW Kiwi 3D Acid Acne Moisturizer 30g,Watsons,glad2glow_kiwi_3d_30g
GLAD2GLOW Blueberry 5% Ceramide Barrier Repair Moisturizer 100g,Watsons,glad2glow_blueberry_moisturizer_100g
GLAD2GLOW PDRN 5% Niacinamide 1% TXA Brightening Moisturizer 30g,Watsons,glad2glow_pdrn_niacinamide_30g
GLAD2GLOW Tremella Vita B5 Sensitive Calming Moisturizer 30g,Watsons,glad2glow_tremella_vita_30g
GLAD2GLOW Tangerine Vita C Power Bright Glow Moisturizer 30g,Watsons,glad2glow_tangerine_vita_30g
GLAD2GLOW Mugwort Acne Gel Mask 50g,Watsons,glad2glow_mugwort_mask_50g
GLAD2GLOW Damask Rose Brightening Gel Mask 50g,Watsons,glad2glow_da_rose_mask_50g
GLAD2GLOW Volcano 3D Acid Pore Clay Mask 30g,Watsons,glad2glow_volcano_mask_30g
GLAD2GLOW Cherry Blossom Betaine Micellar Water 300ml,Watsons,glad2glow_cherry_micellar_300g
GLAD2GLOW Cherry Blossom Betaine Micellar Water 130ml,Watsons,glad2glow_cherry_micellar_130g
GLAD2GLOW Tremella Panthenol Sensitive Care Micellar Water 300ml,Watsons,glad2glow_tremella_micellar_300g
GLAD2GLOW Tremella Panthenol Sensitive Care Micellar Water 130ml,Watsons,glad2glow_tremella_micellar_130g
GLAD2GLOW Mugwort Salicylic Acid Acne Clear Micellar Water 300ml,Watsons,glad2glow_mugwort_micellar_300g
GLAD2GLOW Perfect Vita C Bright Glow Micellar Water 300ml,Watsons,glad2glow_vita_micellar_300g
GLAD2GLOW Mugwort Salicylic Acid Acne Clear Micellar Water 130ml,Watsons,glad2glow_mugwort_micellar_130g
GLAD2GLOW Perfect Vita C Bright Glow Micellar Water 130ml,Watsons,glad2glow_vita_micellar_130g
EUCERIN Dermopure Clinical Purifying Cleanser 400ml,Watsons,eucerin_dermopure_clinical_cleanser_400g
EUCERIN Dermopure Clinical Purifying Cleanser 200ml,Watsons,eucerin_dermopure_clinical_cleanser_200g
EUCERIN Dermopure Clinical Purifying Cleanser 400ml x2,Watsons,eucerin_dermopure_clinical_cleanser_400g_x2
EUCERIN Dermorepair Facial Toner 200ml,Watsons,eucerin_dermato_clean_clarifying_200g
EUCERIN Dermopure Clinical Purifying Toner 200ml,Watsons,eucerin_dermopure_purifying_200g
EUCERIN Dermopure Clinical Purifying Toner 200ml x2,Watsons,eucerin_dermopure_purifying_200g_x2
EUCERIN Spotless Brightening Booster Serum 30ml,Watsons,eucerin_spotless_brightening_serum_30g
EUCERIN Sun Serum Spotless Brightening SPF50+ 50ml,Watsons,eucerin_spotless_50g
EUCERIN Spotless Brightening Booster Serum 30ml Twin Bundle,Watsons,eucerin_spotless_brightening_serum_30g_x2
EUCERIN Dermopure Clinical SOS Serum 40ml,Watsons,eucerin_dermopure_clinical_40g
EUCERIN Ultrasensitive Serum 30ml,Watsons,eucerin_ultrasensitive_30ml_30g
EUCERIN Hyaluron-Filler Epicelline Serum 30ml,Watsons,eucerin_epicelline_serum_30g
EUCERIN Hyaluron-Filler + 3X Effect Firming Serum 30ml,Watsons,eucerin_hyaluron_combo_30g
EUCERIN Hyaluron Radiance-Lift Filler 3D Serum,Watsons,eucerin_radiance_serum_30g
EUCERIN Spotless Brightening Serum & Cleanse Set,Watsons,eucerin_spotless_brightening_set
EUCERIN Sun Serum Spotless Brightening SPF50+ 50ml x2,Watsons,eucerin_spotless_50g_x2
EUCERIN Even Radiance Water Gel Moisturizer 50ml,Watsons,eucerin_even_radiance_50g
Skintific Pdrn Bright & Smooth Serum 20Ml,Guardian,skintific_pdrn_bright_serum_20g
Skintific Niacinamide 10% Brightening Serum 20Ml,Guardian,skintific_niacinamide_serum_20g
Skintific 5X Ceramide Soothing Toner 80Ml,Guardian,skintific_5x_ceramide_toner_80g
Skintific 5X Ceramide Cleanser 120Ml,Guardian,skintific_5x_ceramide_cleanser_120g
Skintific 5X Ceramide Barrier Repair Serum 20Ml,Guardian,skintific_ceramide_serum_20g
Skintific Anti Acne 2% Salicylic Acid Serum 20Ml,Guardian,skintific_salicylic_serum_20g
Skintific 5X Ceramide Low Ph Cleanser 80Ml,Guardian,skintific_5x_ceramide_cleanser_80g
Skintific Aha Bha Pha 5% Exfoliating Toner 80Ml,Guardian,skintific_aha_bha_toner_80g
Skintific 5X Ceramide Serum Sunscreen Spf50 Pa++++ 30Ml,Guardian,skintific_5x_ceramide_sunscreen_30g
Skintific 360 Crystal Massager Lifting Eye Cream 20G,Guardian,skintific_crystal_massager_20g
Skintific Niacinamide Cleanser 120Ml,Guardian,skintific_niacinamide_cleanser_120g
Skintific Glow Bright Day Cream 30G,Guardian,skintific_glow_bright_30g
Skintific Retinol Skin Renew Moisturizer30g,Guardian,skintific_retinol_moisturizer_30g
Skintific Damask Rose Brightening Whipped Cream Cleanser 120G,Guardian,skintific_da_rose_120g
Skintific Bright Boost Clay Stick 40G,Guardian,skintific_bright_boost_40g
Skintific Niacinamide Brightening Micellar Water 400Ml,Guardian,skintific_niacinamide_micellar_400g
Skintific Niacinamide Brightening Essence Toner 80Ml,Guardian,skintific_niacinamide_toner_80g
Skintific 5X Ceramide Barrier Micellar Water 400Ml,Guardian,skintific_ceramide_micellar_400g
Skintific Sensitive Soothe Cleanser 120Ml,Guardian,skintific_sensitive_soothe_120g
Skintific Sensitive Moisturiser 40G,Guardian,skintific_sensitive_moisturizer_40g
Skintific Sensitive Serum Sunscreen 30G,Guardian,skintific_sensitive_sunscreen_30g
Skintific Niacinamide Brightening Cleanser 80Ml,Guardian,skintific_niacinamide_cleanser_80g
Skintific Panthenol Gentle Gel Cleanser 120Ml,Guardian,skintific_panthenol_cleanser_120g
Skintific Acne Drying Lotion 10Ml,Guardian,skintific_acne_drying_10g
Skintific 5X Ceramide Sunscreen 50G,Guardian,skintific_5x_ceramide_sunscreen_50g
Skintific Acne Mugwort Clay Stick 40G,Guardian,skintific_mugwort_clay_40g
Skintific Lactic Acid Exfoliating Serum 20Ml,Guardian,skintific_lactic_serum_20g
Skintific Retinol Skin Renewal Serum 20Ml,Guardian,skintific_retinol_serum_20g
Skintific 5X Ceramide Barrier Serum 50Ml,Guardian,skintific_ceramide_serum_50g
Skintific Ultra Light Serum Sunscreen 25Ml,Guardian,skintific_ultra_light_sunscreen_25g
Skintific 3X Acid Acne Gel Cleanser 120G,Guardian,skintific_3x_acid_cleanser_120g
Skintific 10% Niacinamide Brightening Serum 50Ml,Guardian,skintific_niacinamide_serum_50g
Skintific Matte Fit Serum Sunscreen 30G,Guardian,skintific_matte_sunscreen_30g
Skintific Deep Pores Volcano Clay Stick 40G,Guardian,skintific_volcano_40g
Skintific Matte Fit Serum Sunscreen 50G,Guardian,skintific_matte_sunscreen_50g
Skintific Aqua Light Daily Sunscreen Spf35 50G,Guardian,skintific_aqua_sunscreen_50g
Skintific Symwhite 377 Dark Spot Serum 50Ml,Guardian,skintific_symwhite_serum_50g
Skintific Deep Pores Volcano Clay Cleansing Mask 55G,Guardian,skintific_volcano_55g
Skintific 3X Acids Acne-Care Gel Moisturizer 30G,Guardian,skintific_3x_acid_30g
Skintific Ectoin Skin Cream Gel Moisturizer 30G,Guardian,skintific_ectoin_cream_30g
Skintific 377 Dark Spot Essence Toner 80Ml,Guardian,skintific_dark_spot_toner_80g
Skintific 377 Symwhite Dark Spot Eraser Serum 20Ml,Guardian,skintific_symwhite_serum_20g
Skintific Peptide Nourishing Lip Serum Coral Rose 6.5Ml,Guardian,skintific_lip_coral
Skintific Aqua Light Daily Sunscreen Spf 35 Pa+++ 30G,Guardian,skintific_aqua_sunscreen_30g
Skintific Aii Day Light Sunscreen Mist Spf50 Pa++++ 120Ml,Guardian,skintific_all_day_sunscreen_120g
Skintific Bright Fit Serum Sunscreen Spf 50+ Pa++++ 30G,Guardian,skintific_bright_sunscreen_30g
Skintific All Day Light Sunscreen Mist SPF 50 PA++++ 70Ml,Guardian,skintific_all_day_sunscreen_70g
Skintific Niacinamide Brightening Daily Mask 400G,Guardian,skintific_niacinamide_daily_mask_400g
Skintific Sensitive Serum Sunscreen 50G,Guardian,skintific_sensitive_sunscreen_50g
Skintific Peptide Brightening Lip Serum 6.5Ml,Guardian,skintific_lip_brightening
Skintific Bright Fit Serum Sunscreen Spf 50+ Pa++++ 50G,Guardian,skintific_bright_sunscreen_50g
Cetaphil Moisturising Cream 453G,Guardian,cetaphil_moisturizing_cream_453g
Cetaphil Moist Cream 100G,Guardian,cetaphil_moisturizing_cream_100g
Cetaphil Skin Cleanser 473Ml Pack Of 2,Guardian,cetaphil_gentle_cleanser_473g_x2
Cetaphil Skin Cleanser 1000ml Pack Of 2,Guardian,cetaphil_gentle_cleanser_1000g_x2
Cetaphil Optimal Hydration 48 Hour Activation Serum 30Ml,Guardian,cetaphil_optimal_tion_30g
Cetaphil Bright Healthy Radiance Brightness Reveal Creamy Cleanser 100G,Guardian,cetaphil_bright_creamy_cleanser_100g
Cetaphil Bright Healthy Radiance Gentle Renewing Cleanser 100G,Guardian,cetaphil_bright_gentle_cleanser_100g
Cetaphil Bright Healthy Radiance Perfecting Serum 30Ml,Guardian,cetaphil_bright_healthy_serum_30g
Cetaphil Gentle Skin Cleanser 236ml,Guardian,cetaphil_gentle_cleanser_236g
Cetaphil Moisturiser Cream 453Gx2,Guardian,cetaphil_moisturizing_cream_453g_x2
Cetaphil Sun Extreme Spf50 Cream 50Ml,Guardian,cetaphil_sun_extreme_cream_50g
Cetaphil Intensive Moisturising Cream 85G,Guardian,cetaphil_intensive_cream_85g
Cetaphil Hydrating Foaming Cream Cleanser 236Ml,Guardian,cetaphil_hydrating_foaming_cleanser_236g
Cetaphil Daily Facial Moisturizer Spf15 118Ml,Guardian,cetaphil_daily_moisturizer_spf15_118g
Cetaphil Moisturising Cream 2 X 100G,Guardian,cetaphil_moisturizing_cream_100g_x2
Cetaphil Optimal Hydration Healthy Glow Daily Cream 48G,Guardian,cetaphil_optimal_cream_48g
Cetaphil Skin Cleanser 473Ml,Guardian,cetaphil_gentle_cleanser_473g
Cetaphil Pro Ad Skin Restoring Moisturizer Lotion 295Ml,Guardian,cetaphil_pro_restore_lotion_295g
Cetaphil Daily Exfoliating Cleanser 178Ml,Guardian,cetaphil_daily_exfoliating_178g
Cetaphil Soothing Foam Wash 200Ml,Guardian,cetaphil_soothing_foam_200g
Cetaphil Moisturising Lotion 237Ml,Guardian,cetaphil_moisturizing_lotion_237g
Cetaphil Bright Healthy Radiance Brightening Night Comfort Cream 50G,Guardian,cetaphil_radiance_night_cream_50g
Cetaphil Gentle Exfoliating Sa Lotion 473Ml,Guardian,cetaphil_gentle_exfoliating_473g
Cetaphil Gentle Exfoliating Sa Lotion 236Ml,Guardian,cetaphil_gentle_exfoliating_236g
Cetaphil Daily Defense Cream Spf50 50G,Guardian,cetaphil_daily_defense_50g
Cetaphil Hydrating Foaming Cream Cleanser 473Ml,Guardian,cetaphil_hydrating_foaming_cleanser_473g
Cetaphil Pro Ad Derma Repair Cream Lotion 227G,Guardian,cetaphil_pro_repair_lotion_227g
Cetaphil Bright Healthy Radiance Brightness Refresh Toner 150Ml,Guardian,cetaphil_bright_radiance_toner_150g
Cetaphil Bright Healthy Radiance Brightening Day Protection Cream 50G,Guardian,cetaphil_radiance_day_cream_50g
Cetaphil Daily Facial Cleanser 236G,Guardian,cetaphil_daily_cleanser_236g
Garnier Bright Complete Overnight Booster Serum 30Ml,Guardian,garnier_bright_overnight_serum_30g
Garnier Bright Complete Overnight Booster Serum 15Ml,Guardian,garnier_bright_overnight_serum_15g
Garnier Skin Naturals Micellar Oil-Infused 400Ml,Guardian,garnier_micellar_oil_400g
Garnier Bright Complete Anti-Acne Booster Serum 15Ml,Guardian,garnier_bright_anti_acne_serum_15g
Garnier Skin Naturals Micellar Water Pink 400Ml,Guardian,garnier_micellar_sensitive_400g
Garnier Skin Naturals Micellar Oil-Infused 50Ml,Guardian,garnier_micellar_oil_50g
Garnier Skin Naturals Micellar Water Vitamin C 400Ml,Guardian,garnier_micellar_vita_400g
Garnier Skin Naturals Micellar Water Pink 125Ml,Guardian,garnier_micellar_sensitive_125g
Garnier Skin Naturals Bright Complete Anti Acne Booster Serum 30Ml,Guardian,garnier_naturals_anti_acne_serum_30g
Garnier Skin Naturals Micellar Water Vitamin C 125Ml,Guardian,garnier_micellar_vita_125g
[Bundle of 2] Garnier Skin Naturals Micellar Water Pink 400Ml (2x121096267),Guardian,garnier_micellar_sensitive_400g_x2
[Bundle of 2] Garnier Skin Naturals Micellar Water Pink 125Ml (2x121096265),Guardian,garnier_micellar_sensitive_125g_x2
Garnier Skin Naturals Bright Complete Clean Up Anti-Acne Mask 1S,Guardian,garnier_anti_acne_mask
Garnier Bright Complete Booster Serum 30ml,Guardian,garnier_bright_booster_serum_30g
Garnier Uv Super Serum Sunscreen Spf50 30Ml,Guardian,garnier_uv_super_sunscreen_30g
Garnier Skin Naturals Micellar Oil-Infused 125Ml,Guardian,garnier_micellar_oil_125g
Garnier Skin Naturals Micellar Water Blue 400Ml,Guardian,garnier_micellar_blue_400g
Garnier Bright Complete Darkspot Booster Serum 15Ml,Guardian,garnier_bright_darkspot_serum_15g
Garnier Skin Naturals Micellar Water Blue 125Ml,Guardian,garnier_micellar_blue_125g
Garnier Skin Naturals Micellar Water Pink 50Ml,Guardian,garnier_micellar_sensitive_50g
Garnier Skin Naturals Bright Complete Vitamin C Serum Mask 1S,Guardian,garnier_vitamin_mask
Garnier Micellar Rose Water 400ml,Guardian,garnier_micellar_rose_400g
Garnier Micellar Rose Water 125ml,Guardian,garnier_micellar_rose_125g
Garnier Skin Naturals Sakura Glow Hyaluron Booster Serum 30Ml,Guardian,garnier_sakura_glow_serum_30g
Garnier Bright Complete Serum Cleanser 100ml,Guardian,garnier_bright_complete_cleanser_100g
Garnier Men Charcoal Tissue Power White Purifying And Brightening Mask 1S,Guardian,garnier_men_charcoal_mask
Garnier Skin Naturals Sakura Glow Hyaluroni Sleeping Mask Night Cream 50Ml,Guardian,garnier_sakura_sleeping_mask_50g
Garnier Micellar Cleansing Water Salicylic Bha Blue 400Ml X2,Guardian,garnier_micellar_blue_400g_x2
Garnier Super Uv Anti-Acne Serum Sunscreen Air-Lock Spf50 30Ml,Guardian,garnier_super_anti_acne_sunscreen_30g
[Bundle of 2] Garnier Skin Naturals Micellar Water Pink 50Ml (2x121104358),Guardian,garnier_micellar_sensitive_50g_x2
Garnier Bc Mochi Salicylic Dry Touch Cream30Ml,Guardian,garnier_mochi_salicylic_cream_30g
Garnier Vitamin C Dry Touch Cream 30Ml,Guardian,garnier_vitamin_cream_30g
Garnier Bc Mochi Niacinamide Dry Touch Cream 30Ml,Guardian,garnier_mochi_niacinamide_cream_30g
Garnier Skin Naturals Bright Complete Brightening Face Wash 100Ml,Guardian,garnier_naturals_bright_cleanser_100g
Garnier Skin Naturals Sakura Glow Hyaluron Serum Mask 1S,Guardian,garnier_naturals_sakura
Garnier Skin Naturals Sakura Glow Glowing Face Wash 100Ml,Guardian,garnier_naturals_sakura_cleanser_100g
Garnier Skin Naturals Bright Complete Day Cream Spf36 50Ml,Guardian,garnier_naturals_bright_50g
Garnier Skin Naturals Bright Complete Oil Control Whtening Cream 40Ml,Guardian,garnier_naturals_oil_40g
Garnier Skin Naturals Bright Complete Yoghurt Sleeping Night Cream 50Ml,Guardian,garnier_naturals_yoghurt_50g
Garnier Skin Naturals Bright Complete Brightening Face Wash Scrub Wash 50Ml,Guardian,garnier_naturals_bright_cleanser_50g
Garnier Skin Naturals Sakura Glow Hyaluron Day Spf30 Cream 50Ml,Guardian,garnier_sakura_day_cream_50g
Garnier Bright Complete Vitamin C Regime Kit (Micellar Water 125Ml + Face Wash 50Ml + Serum 15Ml + W,Guardian,garnier_bright_kit_125g
Medicube Kojic Acid Turmeric Niacinamide Serum 30Ml,Guardian,medicube_kojic_acid_30g
Medicube Zero Foam Cleanser 120G,Guardian,medicube_zero_foam_cleanser_120g
Medicube Zero Pore Cream 2.0 50G,Guardian,medicube_zero_pore_50g
Medicube Zero Pore 1 Day Serum 30Ml,Guardian,medicube_zero_pore_30g
Glad2Glow Milk Niacinamide Brightening Serum 17Ml,Guardian,glad2glow_milk_niacinamide_serum_17g
Glad2Glow Peach Retinol Serum 17Ml,Guardian,glad2glow_peach_retinol_serum_17g
Glad2Glow Glycolic Facial Wash 70g,Guardian,glad2glow_glycolic_cleanser_70g
Glad2Glow Pomegranate Niacinamide Brightening Clay Mask Stick 25G,Guardian,glad2glow_pomegranate_clay_25g
Glad2Glow Cherry Blossom Betaine Micellar Water 300ML,Guardian,glad2glow_cherry_micellar_300g
Glad2Glow Niacinamide Serum Facial Wash 70g,Guardian,glad2glow_niacinamide_cleanser_70g
Glad2Glow Brow & Lash Intense Serum,Guardian,glad2glow_brow_lash
Glad2Glow Volcano Salicylic Acid Acne Control Clay Mask Stick 30G,Guardian,glad2glow_volcano_mask_30g
Glad2Glow Peach Retinol Moisturizer 30G,Guardian,glad2glow_peach_retinol_30g
Glad2Glow Centella Ceramide Soothing Toner 80Ml,Guardian,glad2glow_centella_toner_80g
Glad2Glow Brightening Lip Serum Pumpkin Frost,Guardian,glad2glow_lip_pumpkin
Glad2Glow Brightening Lip Serum Cherry Pop,Guardian,glad2glow_lip_cherry
Glad2Glow Brightening Lip Serum Grape Jelly,Guardian,glad2glow_lip_grape
Glad2Glow Peach Retinol Moisturizer 100G,Guardian,glad2glow_peach_retinol_100g
Glad2Glow Blueberry Ceramide Moisturizer 100G,Guardian,glad2glow_blueberry_moisturizer_100g
Glad2Glow Kiwi 3D Acid Acne Moisturizer 30G,Guardian,glad2glow_kiwi_3d_30g
Glad2Glow Mixberry Juicy Lip Serum 5.5Ml,Guardian,glad2glow_mixberry_juicy_5g
Glad2Glow Milk Niacinamide Brightening Moisturizer 30G,Guardian,glad2glow_milk_niacinamide_30g
Glad2Glow Milk Niacinamide Brightening Toner 80Ml,Guardian,glad2glow_milk_niacinamide_toner_80g
Glad2Glow Centella Allantoin Soothing Gel Moisturizer 100G,Guardian,glad2glow_centella_allantoin_100g
Glad2Glow Mugwort Acne Gel Mask 50G,Guardian,glad2glow_mugwort_mask_50g
Glad2Glow Centella Salicylic Acid Acne Gel Cleanser 70Ml,Guardian,glad2glow_centella_cleanser_70g
Glad2Glow Pomegranate 5% Niacinamide Brightening Moisturizer 100G,Guardian,glad2glow_pomegranate_niacinamide_100g
Glad2Glow Propolis Hyaluronic Acid Barrier Toner 80Ml,Guardian,glad2glow_propolis_toner_80g
Glad2Glow Tremella Vita B5 Sensitive Calming Moisturizer 30G,Guardian,glad2glow_tremella_vita_30g
Glad2Glow Cherry Blossom Betaine Micellar Water 130Ml,Guardian,glad2glow_cherry_micellar_130g
Glad2Glow Double Bright Day Cream 30G,Guardian,glad2glow_double_bright_30g
Glad2Glow 5% Niacinamide Pomergranate Brightening Moisturizer 30G,Guardian,glad2glow_pomegranate_niacinamide_30g
Glad2Glow Peach Brightening Micellar Water Wipes 10S,Guardian,glad2glow_peach_micellar_10s
Glad2Glow Centella Allantoin Soothing Gel Moisturizer 55G,Guardian,glad2glow_centella_allantoin_55g
Glad2Glow Milk Amino Acids Gentle Cleanser 80G,Guardian,glad2glow_milk_amino_cleanser_80g
Glad2Glow Centella Allantoin Soothing Gel Moisturizer 30G,Guardian,glad2glow_centella_allantoin_30g
Glad2Glow 7% Glycolic Acid Essence Toner 100Ml,Guardian,glad2glow_glycolic_toner_100g
Glad2Glow Ceramide Barrier Repair Blueberry Moisturizer 30G,Guardian,glad2glow_blueberry_moisturizer_30g
Glad2Glow Tremella Panthenol Sensitive Care Micellar Water 130Ml,Guardian,glad2glow_tremella_micellar_130g
Glad2Glow Tremella Panthenol Sensitive Care Micellar Water 300Ml,Guardian,glad2glow_tremella_micellar_300g
Glad2Glow Berry Peptide Brightening Eye Cream 15G,Guardian,glad2glow_berry_peptide_15g
Glad2Glow 377 Dark Spot Yuja Symwhite Serum 17Ml,Guardian,glad2glow_yuja_serum_17g
Glad2Glow Mugwort Salicylic Acid Acne Clay Stick 25G,Guardian,glad2glow_mugwort_clay_25g
Glad2Glow Cherry Blossom Soothing Micellar Water Wipes 10S,Guardian,glad2glow_cherry_micellar_10s
Glad2Glow 377 Dark Spot Yuja Symwhite Moisturizer 30G,Guardian,glad2glow_yuja_moisturizer_30g
Glad2Glow Ceramide Low Ph Blueberry Gel Cleanser 70Ml,Guardian,glad2glow_blueberry_cleanser_70g
Glad2glow Yuzu Aha Blackhead Exfoliating Cleanser 70 ML,Guardian,glad2glow_yuzu_cleanser_70g
Glad2Glow Blackberry Aha Bha Pha Exfoliating Toner 80Ml,Guardian,glad2glow_blackberry_toner_80g
Glad2Glow Pdrn 10% Niacinamide 3% Txa Brightening Serum 20Ml,Guardian,glad2glow_pdrn_niacinamide_20g
Glad2Glow Bright Up Lychee Vitamin Water Cream Spf30 Pa++ 30G,Guardian,glad2glow_bright_up_lychee_30g
Glad2Glow Pdrn 5% Niacinamide 1% Txa Brightening Moisturizer 30G,Guardian,glad2glow_pdrn_niacinamide_30g
Glad2Glow Yuja Vitamin C Glow Boosting Micellar Water 130Ml,Guardian,glad2glow_vita_micellar_130g
Glad2Glow Yuja Vitamin C Glow Boosting Micellar Water 300Ml,Guardian,glad2glow_vita_micellar_300g
Glad2Glow Mugwort Salicylic Acid Acne Clear Micellar Water 130Ml,Guardian,glad2glow_mugwort_micellar_130g
Glad2Glow Mugwort Salicylic Acid Acne Clear Micellar Water 300Ml,Guardian,glad2glow_mugwort_micellar_300g
Glad2Glow 10% Niacinamide Pomegranate Power Bright Serum 17Ml,Guardian,glad2glow_pomegranate_serum_17g
Glad2Glow Tremella Vita B5 Sensitive Calming Gel Cleanser 70Ml,Guardian,glad2glow_tremella_cleanser_70g
[Bundle of 2] Glad2Glow Milk Amino Acids Gentle Cleanser 80G (2x121120490),Guardian,glad2glow_milk_amino_cleanser_80g_x2
[Bundle of 2] Glad2Glow 5% Niacinamide Pomergranate Brightening Moisturizer 30G (2x121120478),Guardian,glad2glow_pomegranate_niacinamide_30g_x2
Glad2Glow 2% Centella Salicylic Acid Power Clear Acne Serum 17Ml,Guardian,glad2glow_centella_serum_17g
[Bundle of 2] Glad2Glow 10% Niacinamide Pomegranate Power Bright Serum 17Ml (2x121120489),Guardian,glad2glow_pomegranate_serum_17g_x2
Glad2Glow Intense Peeling Serum 15Ml,Guardian,glad2glow_intense_peeling_15g
Glad2Glow Pomegranate Niacinamide Brightening Toner 80ml,Guardian,glad2glow_pomegranate_toner_80g
Glad2Glow Damask Rose Brightening Gel Mask 50g,Guardian,glad2glow_da_rose_mask_50g
Glad2Glow Bright Up Brightening Day Cream 30Ml,Guardian,glad2glow_bright_up_30g
Glad2Glow Brightening Charm Lip Serum 03 Berry Soda,Guardian,glad2glow_lip_berry
Glad2Glow Brightening Charm Lip Serum 02 Peach Pie,Guardian,glad2glow_lip_peach
Glad2Glow Brightening Charm Lip Serum 01 Strawberry Glaze,Guardian,glad2glow_lip_strawberry
Eucerin Hyaluron Filler + Elasticity Night Cream 50ml,Guardian,eucerin_hyaluron_night_cream_50g
Eucerin pH5 Lotion 400ml,Guardian,eucerin_ph5_lotion_400g
Eucerin pH5 Washlotion 1000ml -Pack Of 2,Guardian,eucerin_ph5_lotion_1000g_x2
Eucerin Ultra Sensitive Cream 50ml,Guardian,eucerin_ultra_sensitive_50g
Eucerin Spotless Brightening Booster Serum 30ml,Guardian,eucerin_spotless_brightening_serum_30g
Eucerin Radiance Lift 3D Serum 30ml,Guardian,eucerin_radiance_serum_30g
Eucerin Hyaluron-Filler Epicelline Serum 30Ml,Guardian,eucerin_epicelline_serum_30g
Eucerin Hyaluron Filler + Elasticity Day Cream 50ml,Guardian,eucerin_hyaluron_day_cream_50g
EUCERIN Dermatoclean Clarifying Toner 200ml,Guardian,eucerin_dermato_clean_clarifying_200g
Eucerin Sun Serum Spotless Brightening SPF50+ PA+++ 50ml),Guardian,eucerin_sun_spotless_50g
Eucerin Spotless Brightening Gel Cleanser 200ml,Guardian,eucerin_spotless_brightening_cleanser_200g
Eucerin Urearepair Lotion 10% 250Ml,Guardian,eucerin_urearepair_lotion_250g
Eucerin Dermopure Clinical Purifying Toner 200Ml,Guardian,eucerin_dermopure_purifying_200g
Eucerin Dermopure Clinical Purifying Cleanser 400Ml,Guardian,eucerin_dermopure_clinical_cleanser_400g
Eucerin Dermopure Clinical Purifying Cleanser 200Ml,Guardian,eucerin_dermopure_clinical_cleanser_200g
Eucerin Even Radiance Water Gel Moisturizer 50ml,Guardian,eucerin_even_radiance_50g
Eucerin Dermopure Clinical Sos Serum 40Ml,Guardian,eucerin_dermopure_clinical_40g
EUCERIN HYALURON-FILLER Day Dry Cream 50ml,Guardian,eucerin_hyaluron_filler_50g
Eucerin Spotless Serum + Cleanse Set (Booster Serum + Cleansing Foam),Guardian,eucerin_spotless_serum_cleanse
Aiken Prebiotic 8X Premium Biotics Gel Moisturiser 40G,Guardian,aiken_prebiotic_gel_moisturizer_40g
Aiken Prebiotic 8X Premium Biotics Moisturiser Spf25 40G,Guardian,aiken_prebiotic_spf_moisturizer_40g
Aiken Tea Tree Oil Pimple Cream 15G,Guardian,aiken_tea_tree_15g
Aiken Prebiotic 8X Premium Biotics Facial Cleanser 120G,Guardian,aiken_prebiotic_8x_cleanser_120g
Aiken Tto Facial Cleanser+Makeup Remover 150Ml,Guardian,aiken_tea_tree_remover_cleanser_150g
Aiken Prebiotic 8X Premium Biotics Serum 30Ml,Guardian,aiken_prebiotic_serum_30g
Aiken Niacinamide Bright Gel Moisturiser 30G,Guardian,aiken_niacinamide_gel_moisturizer_30g
Aiken Tto Toner (R) 100Ml,Guardian,aiken_tea_tree_toner_100g
Aiken Derma Care Deep Cleansing Sensitive Skin Cleanser 150G,Guardian,aiken_derma_sensitive_cleanser_150g
Aiken Prebiotic 8X Premium Biotics Micellar Water 300Ml,Guardian,aiken_prebiotic_micellar_300g
Aiken Tto Moisturiser (R) 75Ml,Guardian,aiken_tea_tree_moisturizer_75g
Aiken Niacinamide Bright Brightening Glow Toner 100Ml,Guardian,aiken_niacinamide_bright_100g
Aiken Prebiotic 8X Premium Biotics Water Jelly Moisturiser 30G,Guardian,aiken_jelly_moisturizer_30g
Aiken Derma Care Deep Cleansing Oil Control Skin Cleanser 150G,Guardian,aiken_derma_oil_cleanser_150g
Aiken Prebiotic 8X Premium Biotics Pudding Glow Moisturiser 30G,Guardian,aiken_pudding_moisturizer_30g
Aiken Niacinamide Brght Light Facial Cleanser 95G,Guardian,aiken_niacinamide_bright_cleanser_95g
Aiken Niacinamide Bright 5% Niacinamide Triple Serum 15Ml,Guardian,aiken_niacinamide_serum_15g
Aiken Ceramide Bright Beige Tinted & Tone-Up Sunscreen 25G,Guardian,aiken_ceramide_beige_sunscreen_25g
Aiken Bha Pha Bright Pore Refining Clay Mask 40G,Guardian,aiken_bha_pha_mask_40g
Aiken Prebiotic 8X Premium Biotics Micro Emulsion Oil Cleanser 90G,Guardian,aiken_prebiotic_oil_cleanser_90g
Aiken Prebiotic All-In-1 Micellar Makeup Remover & Facial Cleanser 100G,Guardian,aiken_prebiotic_all_cleanser_100g
Aiken Vitamin C 5X Ceramide Bright With Niacinamide Moisturiser 40G,Guardian,aiken_ceramide_bright_moisturizer_40g
[Bundle of 2] Aiken Tto Facial Cleanser+Makeup Remover 150Ml (2x121100578),Guardian,aiken_tea_tree_remover_cleanser_150g_x2
[Bundle of 2] Aiken Prebiotic Hydra Plus Micellar Water 300Ml (2x121109580),Guardian,aiken_prebiotic_micellar_300g_x2
Aiken Vitamin C 5X Ceramide Bright With Niacinamide Facial Cleanser 100G,Guardian,aiken_ceramide_bright_cleanser_100g
Aiken Ceramide Bright Pink Glow & Tone-Up Sunscreen 25G,Guardian,aiken_ceramide_pink_sunscreen_25g
Aiken Niacinamide Bright Anti Spot Brightening Facial Cleanser 100G,Guardian,aiken_niacinamide_anti_cleanser_100g
Aiken Ceramide Bright Purple Correcting & Tone-Up Sunscreen 25G,Guardian,aiken_ceramide_purple_sunscreen_25g
Aiken Niacinamide Bright Instant Glow Spf50+ Pa++++ Moisturiser 30G,Guardian,aiken_niacinamide_spf_moisturizer_30g
Aiken Prebiotic 8X Premium Biotics Glowing & Primer Sunscreen Spf50+ Pa++++ 25G,Guardian,aiken_prebiotic_glow_sunscreen_25g
Aiken Prebiotic 8X Premium Biotics Sunscreen Super Uv Protection Pa+++ Spf 50 25Ml,Guardian,aiken_prebiotic_sunscreen_25g
Aiken Vitamin C 5X Ceramide Bright With Niacinamide Triple Serum 15Ml,Guardian,aiken_ceramide_serum_15g
"Aiken Prebiotic 8X Premium Biotics 10% Hyaluronic Acid, Niacinamide, Prebiotic Triple Serum 15Ml",Guardian,aiken_prebiotic_10%_15g
[Bundle of 2] Aiken Derma Care Deep Cleansing Oil Control Skin Cleanser 150G (2x121114518),Guardian,aiken_derma_oil_cleanser_150g_x2
Aiken Bha Pha Exfoliating Pore Refine Cleanser 100G,Guardian,aiken_bha_pha_cleanser_100g
Aiken Vitamin C 5X Ceramide Bright With Niacinamide Tone-Up Sunscreen Pa++++ Spf 50+ 25G,Guardian,aiken_5x_ceramide_sunscreen_25g
Aiken Tea Tree Oil Toner 150Ml,Guardian,aiken_tea_tree_toner_150g
Aiken Ceramide 5X Ceramide Bright & Vitamin C Micellar Water 300Ml,Guardian,aiken_ceramide_bright_micellar_300g
GARNIER Micellar Exfoliating Water refines and transforms skin,Watsons,garnier_micellar_exfoliating_400g
Glad2Glow Mini Flawless Blurring Skin Tint 01 Buttercream,Guardian,glad2glow_blurring_skin_tint_buttercream
